mv_0000001,1488844,3,2005-09-06
mv_0000001,822109,5,2005-05-13
mv_0000001,885013,4,2005-10-19
mv_0000001,30878,4,2005-12-26
mv_0000001,823519,3,2004-05-03
mv_0000001,893988,3,2005-11-17
mv_0000001,124105,4,2004-08-05
mv_0000001,1248029,3,2004-04-22
mv_0000001,1842128,4,2004-05-09
mv_0000001,2238063,3,2005-05-11
mv_0000001,1503895,4,2005-05-19
mv_0000001,2207774,5,2005-06-06
mv_0000001,2590061,3,2004-08-12
mv_0000001,2442,3,2004-04-14
mv_0000001,543865,4,2004-05-28
mv_0000001,1209119,4,2004-03-23
mv_0000001,804919,4,2004-06-10
mv_0000001,1086807,3,2004-12-28
mv_0000001,1711859,4,2005-05-08
mv_0000001,372233,5,2005-11-23
mv_0000001,1080361,3,2005-03-28
mv_0000001,1245640,3,2005-12-19
mv_0000001,558634,4,2004-12-14
mv_0000001,2165002,4,2004-04-06
mv_0000001,1181550,3,2004-02-01
mv_0000001,1227322,4,2004-02-06
mv_0000001,427928,4,2004-02-26
mv_0000001,814701,5,2005-09-29
mv_0000001,808731,4,2005-10-31
mv_0000001,662870,5,2005-08-24
mv_0000001,337541,5,2005-03-23
mv_0000001,786312,3,2004-11-16
mv_0000001,1133214,4,2004-03-07
mv_0000001,1537427,4,2004-03-29
mv_0000001,1209954,5,2005-05-09
mv_0000001,2381599,3,2005-09-12
mv_0000001,525356,2,2004-07-11
mv_0000001,1910569,4,2004-04-12
mv_0000001,2263586,4,2004-08-20
mv_0000001,2421815,2,2004-02-26
mv_0000001,1009622,1,2005-01-19
mv_0000001,1481961,2,2005-05-24
mv_0000001,401047,4,2005-06-03
mv_0000001,2179073,3,2004-08-29
mv_0000001,1434636,3,2004-05-01
mv_0000001,93986,5,2005-10-06
mv_0000001,1308744,5,2005-10-29
mv_0000001,2647871,4,2005-12-30
mv_0000001,1905581,5,2005-08-16
mv_0000001,2508819,3,2004-05-18
mv_0000001,1578279,1,2005-05-19
mv_0000001,1159695,4,2005-02-15
mv_0000001,2588432,3,2005-03-31
mv_0000001,2423091,3,2005-09-12
mv_0000001,470232,4,2004-04-08
mv_0000001,2148699,2,2004-06-05
mv_0000001,1342007,3,2004-07-16
mv_0000001,466135,4,2004-07-13
mv_0000001,2472440,3,2005-08-13
mv_0000001,1283744,3,2004-04-17
mv_0000001,1927580,4,2004-11-08
mv_0000001,716874,5,2005-05-06
mv_0000001,4326,4,2005-10-29
mv_0000001,1546549,5,2004-07-20
mv_0000001,1493697,1,2005-11-01
mv_0000001,880166,5,2005-07-12
mv_0000001,535396,2,2005-02-03
mv_0000001,494609,4,2004-12-08
mv_0000001,1961619,5,2005-06-01
mv_0000001,883478,4,2005-12-16
mv_0000001,793564,4,2004-04-19
mv_0000001,1567202,2,2004-03-01
mv_0000001,573537,4,2005-02-03
mv_0000001,1972040,4,2005-06-02
mv_0000001,1838912,3,2005-11-08
mv_0000001,411705,4,2004-05-11
mv_0000001,2244518,5,2004-09-15
mv_0000001,584542,5,2005-02-01
mv_0000001,667730,5,2005-05-26
mv_0000001,2488120,5,2005-09-20
mv_0000001,1926776,1,2005-10-05
mv_0000001,38052,3,2004-06-03
mv_0000001,1196100,4,2004-10-30
mv_0000001,314933,3,2005-09-12
mv_0000001,1792741,2,2004-02-09
mv_0000001,769643,1,2004-11-18
mv_0000001,2477242,5,2005-01-30
mv_0000001,1421006,3,2005-08-03
mv_0000001,729846,4,2005-08-09
mv_0000001,1719610,2,2005-08-19
mv_0000001,1696031,4,2005-01-25
mv_0000001,1817215,4,2005-09-01
mv_0000001,406057,4,2004-09-27
mv_0000001,636262,1,2005-09-26
mv_0000001,1245406,4,2004-12-30
mv_0000001,1834590,3,2005-02-05
mv_0000001,593225,3,2004-07-11
mv_0000001,1011918,4,2005-05-28
mv_0000001,1665054,4,2005-07-06
mv_0000001,2630337,5,2005-03-10
mv_0000001,1155747,3,2005-07-03
mv_0000001,2439493,1,2004-02-06
mv_0000001,479924,5,2005-08-02
mv_0000001,530789,5,2005-03-29
mv_0000001,765860,4,2005-06-13
mv_0000001,231001,3,2005-01-03
mv_0000001,1493615,5,2005-05-23
mv_0000001,1850615,2,2005-07-12
mv_0000001,68959,3,2005-08-11
mv_0000001,147386,5,2004-09-19
mv_0000001,624035,5,2004-02-19
mv_0000001,782308,5,2004-07-02
mv_0000001,1116080,5,2005-08-08
mv_0000001,421374,5,2004-11-17
mv_0000001,1158759,4,2004-06-13
mv_0000001,1025798,3,2005-09-02
mv_0000001,1215397,5,2005-07-19
mv_0000001,2475251,4,2005-08-25
mv_0000001,321111,2,2005-05-02
mv_0000001,2162676,3,2005-08-01
mv_0000001,2635437,4,2004-12-19
mv_0000001,2389367,1,2004-07-01
mv_0000001,485622,5,2005-08-01
mv_0000001,235553,4,2004-07-15
mv_0000001,831869,4,2005-06-02
mv_0000001,99400,5,2005-09-16
mv_0000001,684876,4,2005-11-01
mv_0000001,1871179,3,2004-12-08
mv_0000001,1107678,5,2005-03-15
mv_0000001,642036,3,2005-09-21
mv_0000001,700890,5,2004-05-06
mv_0000001,2289956,5,2004-04-29
mv_0000001,2040859,1,2004-11-23
mv_0000001,1524964,3,2005-04-19
mv_0000001,121318,4,2005-06-06
mv_0000001,317050,5,2005-11-15
mv_0000001,2287003,5,2004-12-20
mv_0000001,59052,2,2004-07-12
mv_0000001,893742,4,2005-04-27
mv_0000001,1346257,3,2005-08-23
mv_0000001,55016,3,2004-05-12
mv_0000001,30245,5,2004-10-19
mv_0000001,743633,4,2005-08-09
mv_0000001,1596531,5,2004-01-23
mv_0000001,1125499,5,2005-01-31
mv_0000001,706832,4,2005-05-06
mv_0000001,2465337,3,2005-04-04
mv_0000001,2291422,1,2005-08-28
mv_0000001,1777406,3,2005-01-02
mv_0000001,1904905,4,2005-05-13
mv_0000001,2450433,3,2005-01-08
mv_0000001,1348967,2,2004-06-21
mv_0000001,638020,3,2005-08-10
mv_0000001,2217779,4,2005-02-14
mv_0000001,194280,1,2004-12-14
mv_0000001,493009,4,2005-03-27
mv_0000001,1567167,4,2005-09-11
mv_0000001,850327,5,2005-09-18
mv_0000001,520386,3,2005-10-25
mv_0000001,320540,2,2005-07-26
mv_0000001,1188228,2,2004-12-05
mv_0000001,57961,4,2004-11-09
mv_0000001,1113230,3,2005-05-04
mv_0000001,1374216,2,2005-09-23
mv_0000001,595778,3,2004-03-03
mv_0000001,209573,4,2005-10-31
mv_0000001,2354601,5,2005-12-10
mv_0000001,2563596,4,2004-04-04
mv_0000001,835265,4,2005-09-01
mv_0000001,1819474,3,2004-04-03
mv_0000001,1447104,3,2004-08-28
mv_0000001,1100940,1,2005-10-24
mv_0000001,143274,3,2005-08-31
mv_0000001,2329565,4,2005-01-19
mv_0000001,181592,4,2005-03-26
mv_0000001,936396,2,2004-02-09
mv_0000001,1125797,3,2004-07-05
mv_0000001,2283366,3,2004-12-27
mv_0000001,514495,4,2005-04-13
mv_0000001,1772176,3,2005-09-27
mv_0000001,1877347,4,2005-07-13
mv_0000001,1287892,4,2005-05-17
mv_0000001,255443,2,2005-05-23
mv_0000001,890669,4,2005-11-02
mv_0000001,1989766,4,2005-07-08
mv_0000001,2315073,4,2004-03-24
mv_0000001,14756,4,2005-12-27
mv_0000001,907623,3,2004-05-11
mv_0000001,991423,4,2004-10-24
mv_0000001,1604238,4,2005-06-02
mv_0000001,1027056,3,2005-12-03
mv_0000001,2025883,5,2005-03-24
mv_0000001,732936,5,2005-04-24
mv_0000001,563962,5,2005-11-09
mv_0000001,799442,4,2005-11-21
mv_0000001,352635,5,2004-05-11
mv_0000001,2537543,5,2005-10-26
mv_0000001,1564395,4,2005-07-09
mv_0000001,1655178,4,2004-08-26
mv_0000001,573434,4,2004-05-26
mv_0000001,1141189,4,2004-12-15
mv_0000001,383247,5,2005-02-03
mv_0000001,1763921,5,2004-05-10
mv_0000001,1943970,5,2004-09-20
mv_0000001,322009,3,2004-05-20
mv_0000001,2333817,3,2004-10-22
mv_0000001,2095681,2,2005-10-29
mv_0000001,1149588,4,2005-12-13
mv_0000001,2354740,5,2005-05-05
mv_0000001,2421360,5,2005-10-19
mv_0000001,496087,2,2004-04-25
mv_0000001,2191781,1,2005-04-03
mv_0000001,1694083,4,2005-10-03
mv_0000001,818416,3,2005-07-27
mv_0000001,701960,5,2005-04-29
mv_0000001,2090477,4,2005-06-28
mv_0000001,1664010,5,2005-10-12
mv_0000001,2583822,5,2005-08-17
mv_0000001,369646,5,2005-04-30
mv_0000001,2234063,4,2005-05-11
mv_0000001,259799,4,2005-06-23
mv_0000001,1077982,4,2004-03-16
mv_0000001,2631796,4,2005-09-27
mv_0000001,1122383,3,2004-10-22
mv_0000001,1508526,3,2004-07-25
mv_0000001,1600207,5,2004-04-17
mv_0000001,1283117,5,2005-03-18
mv_0000001,1727869,5,2005-07-11
mv_0000001,1522799,4,2004-10-19
mv_0000001,1394012,5,2005-12-19
mv_0000001,1558286,3,2005-03-15
mv_0000001,1155602,3,2005-07-05
mv_0000001,361066,3,2004-09-24
mv_0000001,1743210,5,2005-09-22
mv_0000001,1148389,4,2004-04-03
mv_0000001,2268101,4,2005-10-28
mv_0000001,519684,5,2005-07-25
mv_0000001,767518,5,2005-08-02
mv_0000001,122197,1,2005-03-09
mv_0000001,2112162,4,2005-10-14
mv_0000001,1073367,3,2005-07-25
mv_0000001,400162,5,2004-11-08
mv_0000001,1524343,5,2005-03-24
mv_0000001,741245,4,2005-06-28
mv_0000001,2563768,3,2005-07-04
mv_0000001,1406595,4,2005-08-27
mv_0000001,1137010,4,2004-10-05
mv_0000001,60343,5,2005-05-08
mv_0000001,225765,4,2004-05-10
mv_0000001,2530404,3,2004-05-01
mv_0000001,437881,3,2004-11-17
mv_0000001,1935793,1,2005-04-18
mv_0000001,134001,4,2005-05-06
mv_0000001,2607300,3,2005-07-25
mv_0000001,1008986,4,2004-10-25
mv_0000001,94565,4,2004-12-15
mv_0000001,828410,4,2005-01-03
mv_0000001,1805202,4,2005-10-03
mv_0000001,1922925,4,2004-04-03
mv_0000001,1435717,5,2005-08-11
mv_0000001,2277395,4,2004-03-09
mv_0000001,2305014,5,2004-08-31
mv_0000001,166041,4,2005-09-02
mv_0000001,2413320,4,2004-02-06
mv_0000001,87113,2,2005-09-21
mv_0000001,722591,5,2004-03-08
mv_0000001,2291306,1,2004-03-01
mv_0000001,2010770,4,2004-12-30
mv_0000001,255383,5,2005-04-10
mv_0000001,1873429,4,2005-10-27
mv_0000001,1647618,4,2005-08-27
mv_0000001,608234,5,2005-02-25
mv_0000001,42930,3,2005-05-14
mv_0000001,1462072,5,2005-06-22
mv_0000001,685565,5,2005-09-26
mv_0000001,3321,3,2005-09-27
mv_0000001,2554942,4,2005-10-03
mv_0000001,1874547,4,2004-08-11
mv_0000001,2269844,5,2005-11-02
mv_0000001,34907,3,2005-08-17
mv_0000001,1779903,4,2005-06-04
mv_0000001,2576424,4,2005-08-10
mv_0000001,230112,3,2004-08-26
mv_0000001,508727,3,2004-07-11
mv_0000001,1603525,3,2004-10-13
mv_0000001,172264,4,2005-09-17
mv_0000001,1182185,4,2005-10-06
mv_0000001,2275470,2,2005-10-05
mv_0000001,491531,5,2005-02-17
mv_0000001,1346432,4,2005-11-15
mv_0000001,1554712,5,2004-10-27
mv_0000001,1450941,5,2005-09-13
mv_0000001,1714116,3,2005-08-09
mv_0000001,2016488,4,2004-11-22
mv_0000001,1782762,4,2005-01-19
mv_0000001,1343170,5,2005-02-26
mv_0000001,2565752,4,2004-12-10
mv_0000001,435841,3,2005-09-19
mv_0000001,2242821,5,2005-08-29
mv_0000001,638824,5,2004-05-19
mv_0000001,2256485,1,2004-08-19
mv_0000001,101597,5,2004-10-01
mv_0000001,623036,5,2005-05-16
mv_0000001,1559445,5,2005-06-08
mv_0000001,1723381,5,2005-08-30
mv_0000001,1824586,4,2005-03-03
mv_0000001,2233105,4,2005-09-08
mv_0000001,682963,3,2005-06-21
mv_0000001,2529547,5,2005-11-18
mv_0000001,504620,2,2005-08-12
mv_0000001,1682104,4,2005-08-30
mv_0000001,16272,4,2005-01-20
mv_0000001,2491785,5,2005-05-09
mv_0000001,978412,5,2005-07-02
mv_0000001,2054145,3,2005-07-28
mv_0000001,2444240,3,2005-08-14
mv_0000001,547732,3,2005-06-11
mv_0000001,811790,5,2005-09-02
mv_0000001,31913,4,2004-10-15
mv_0000001,437111,4,2005-06-27
mv_0000001,640588,4,2004-09-06
mv_0000001,2625019,3,2005-09-12
mv_0000001,2605190,5,2005-11-05
mv_0000001,915,5,2005-08-17
mv_0000001,1430587,4,2005-05-18
mv_0000001,2544219,5,2005-11-20
mv_0000001,2603381,5,2005-11-29
mv_0000001,305344,1,2004-02-08
mv_0000001,2569099,1,2005-08-16
mv_0000001,2430356,4,2004-07-15
mv_0000001,885165,4,2005-06-02
mv_0000001,2380806,5,2005-09-06
mv_0000001,1512406,1,2005-10-03
mv_0000001,1774623,4,2005-11-23
mv_0000001,2226525,4,2005-02-08
mv_0000001,2537076,4,2005-10-17
mv_0000001,2060858,4,2005-05-09
mv_0000001,498469,5,2005-03-22
mv_0000001,68033,4,2005-10-04
mv_0000001,1819146,5,2005-08-15
mv_0000001,2088415,4,2005-02-01
mv_0000001,473070,5,2005-04-06
mv_0000001,1823641,5,2004-03-29
mv_0000001,1839976,2,2004-03-31
mv_0000001,14924,5,2005-10-04
mv_0000001,1852606,4,2004-07-23
mv_0000001,453694,5,2004-07-21
mv_0000001,921487,2,2004-07-19
mv_0000001,1022254,5,2004-09-15
mv_0000001,2464081,4,2005-01-22
mv_0000001,1228324,4,2005-11-12
mv_0000001,1563530,4,2004-08-18
mv_0000001,1181170,3,2004-09-08
mv_0000001,1357013,3,2004-10-02
mv_0000001,21722,4,2005-02-07
mv_0000001,288420,5,2005-06-02
mv_0000001,1739170,5,2005-09-19
mv_0000001,2584676,3,2005-08-06
mv_0000001,2013504,4,2005-08-10
mv_0000001,1245176,4,2004-07-27
mv_0000001,269524,3,2005-03-05
mv_0000001,661344,3,2005-03-16
mv_0000001,652324,3,2004-04-15
mv_0000001,2239213,3,2005-08-24
mv_0000001,863302,4,2004-08-19
mv_0000001,758850,4,2004-09-21
mv_0000001,1884755,2,2004-11-15
mv_0000001,544833,3,2005-09-27
mv_0000001,1562707,1,2005-07-25
mv_0000001,810700,5,2004-08-31
mv_0000001,837756,5,2004-10-26
mv_0000001,155164,4,2004-10-29
mv_0000001,493945,5,2005-04-12
mv_0000001,1565175,5,2004-08-10
mv_0000001,2005193,4,2005-11-17
mv_0000001,1605780,4,2004-09-17
mv_0000001,1294335,2,2004-09-22
mv_0000001,608576,4,2005-03-19
mv_0000001,659505,4,2005-05-16
mv_0000001,1604707,4,2005-10-17
mv_0000001,2630797,5,2005-12-09
mv_0000001,402266,5,2004-10-16
mv_0000001,752642,3,2004-02-24
mv_0000001,1906145,4,2005-07-19
mv_0000001,389872,2,2005-08-09
mv_0000001,1462866,2,2004-10-09
mv_0000001,1952116,4,2005-04-28
mv_0000001,54774,4,2005-05-25
mv_0000001,1776980,5,2005-10-13
mv_0000001,1494196,5,2004-02-29
mv_0000001,253794,5,2004-08-10
mv_0000001,1569513,3,2004-02-26
mv_0000001,596728,2,2004-04-26
mv_0000001,1107588,1,2004-02-22
mv_0000001,1133763,3,2005-05-15
mv_0000001,1398076,4,2004-07-02
mv_0000001,1178171,4,2004-07-01
mv_0000001,984369,3,2005-08-25
mv_0000001,2618594,4,2004-07-27
mv_0000001,1653834,4,2004-08-22
mv_0000001,2322840,3,2005-07-12
mv_0000001,2207647,4,2004-08-12
mv_0000001,1994111,4,2005-01-11
mv_0000001,1824044,4,2004-04-29
mv_0000001,2255037,3,2004-06-01
mv_0000001,2056022,3,2004-11-22
mv_0000001,1458179,4,2005-01-26
mv_0000001,1508350,4,2005-06-27
mv_0000001,1168571,5,2005-09-14
mv_0000001,766489,3,2005-10-01
mv_0000001,1424199,5,2005-08-08
mv_0000001,2054180,3,2004-07-09
mv_0000001,448902,5,2005-07-20
mv_0000001,1547173,3,2005-11-18
mv_0000001,1751103,4,2004-08-05
mv_0000001,121073,5,2004-12-16
mv_0000001,2609436,4,2004-11-09
mv_0000001,1398626,2,2004-12-03
mv_0000001,1311231,3,2004-03-30
mv_0000001,2279000,3,2005-02-18
mv_0000001,236921,5,2005-03-19
mv_0000001,2566259,5,2005-04-06
mv_0000001,758937,4,2005-10-24
mv_0000001,2260684,4,2004-11-08
mv_0000001,1190829,4,2004-02-10
mv_0000001,136106,3,2005-08-08
mv_0000001,344753,3,2004-07-21
mv_0000001,568930,5,2005-05-02
mv_0000001,206115,4,2005-08-23
mv_0000001,2390644,3,2004-09-06
mv_0000001,2078679,5,2005-01-07
mv_0000001,1682651,4,2005-05-02
mv_0000001,386915,4,2005-05-27
mv_0000001,972136,3,2005-06-20
mv_0000001,1806515,3,2005-09-29
mv_0000001,11589,3,2005-10-19
mv_0000001,2118461,5,2005-10-24
mv_0000001,444411,3,2004-09-05
mv_0000001,691108,4,2005-02-27
mv_0000001,332401,3,2005-04-28
mv_0000001,1278488,4,2005-04-27
mv_0000001,358776,4,2005-11-21
mv_0000001,387418,1,2004-02-08
mv_0000001,872408,4,2005-08-26
mv_0000001,646098,4,2004-07-19
mv_0000001,396595,5,2005-02-13
mv_0000001,1366860,4,2004-01-26
mv_0000001,1046882,3,2004-08-12
mv_0000001,470861,5,2004-06-28
mv_0000001,1455257,4,2004-09-17
mv_0000001,1274780,3,2004-10-11
mv_0000001,379184,4,2005-02-11
mv_0000001,1273630,4,2005-09-08
mv_0000001,492291,3,2005-06-06
mv_0000001,145873,3,2004-02-25
mv_0000001,1388284,5,2004-12-21
mv_0000001,712610,4,2005-04-27
mv_0000001,1116065,1,2005-05-03
mv_0000001,660499,1,2005-07-08
mv_0000001,1918987,4,2005-07-10
mv_0000001,1357894,3,2004-09-09
mv_0000001,190418,3,2004-09-30
mv_0000001,1060658,3,2005-03-23
mv_0000001,1443203,4,2005-05-22
mv_0000001,1772839,5,2005-09-19
mv_0000001,2385774,3,2004-04-07
mv_0000001,1059319,3,2005-10-10
mv_0000001,831775,4,2005-10-15
mv_0000001,881346,5,2005-11-07
mv_0000001,1066317,4,2004-05-07
mv_0000001,13651,3,2004-06-16
mv_0000001,208920,4,2005-01-23
mv_0000001,308753,5,2005-10-31
mv_0000001,2564257,3,2005-11-27
mv_0000001,565041,4,2004-08-23
mv_0000001,1602153,4,2005-06-13
mv_0000001,173930,4,2005-06-30
mv_0000001,202811,3,2005-07-18
mv_0000001,353369,3,2005-08-01
mv_0000001,1201176,4,2005-05-02
mv_0000001,2047577,3,2005-05-27
mv_0000001,685113,4,2005-10-24
mv_0000001,1686060,5,2004-03-21
mv_0000001,151004,5,2004-07-09
mv_0000001,2126192,3,2004-04-16
mv_0000001,1981464,4,2005-08-16
mv_0000001,1862581,4,2004-06-08
mv_0000001,1255780,5,2005-03-28
mv_0000001,1962300,3,2005-06-22
mv_0000001,1515355,3,2004-05-12
mv_0000001,1001779,4,2005-09-09
mv_0000001,2093105,3,2004-06-17
mv_0000001,1123959,3,2005-01-05
mv_0000001,1876297,5,2005-05-19
mv_0000001,1364481,4,2004-05-29
mv_0000001,998236,5,2004-06-23
mv_0000001,328415,3,2004-11-01
mv_0000001,1347129,4,2005-01-24
mv_0000001,1117062,4,2005-07-07
mv_0000001,1033930,3,2005-08-11
mv_0000001,45117,5,2005-08-15
mv_0000001,1005769,5,2004-09-28
mv_0000001,712609,4,2005-03-20
mv_0000001,740495,4,2005-02-05
mv_0000001,2497991,4,2005-07-07
mv_0000001,1017324,4,2005-04-05
mv_0000001,120491,5,2004-09-13
mv_0000001,1645794,4,2005-04-05
mv_0000001,1658790,3,2005-06-23
mv_0000001,2451020,4,2004-09-14
mv_0000001,1878798,4,2005-01-11
mv_0000001,1790903,4,2005-04-23
mv_0000001,1254683,1,2004-02-13
mv_0000001,874943,5,2005-03-22
mv_0000001,121456,4,2005-04-19
mv_0000001,1140108,4,2005-09-20
mv_0000001,515436,1,2005-02-13
mv_0000001,272689,5,2005-03-03
mv_0000001,1247177,3,2005-12-04
mv_0000001,263240,3,2004-07-07
mv_0000001,2539549,3,2005-02-23
mv_0000001,2565654,5,2004-11-15
mv_0000001,334701,3,2005-02-07
mv_0000001,42921,3,2005-10-04
mv_0000001,2011399,5,2005-08-08
mv_0000001,433945,5,2004-11-06
mv_0000001,2151149,4,2005-01-13
mv_0000001,1415954,2,2005-02-14
mv_0000001,1086360,3,2005-03-10
mv_0000001,2419258,4,2005-08-12
mv_0000001,2380848,5,2005-01-11
mv_0000001,1550216,1,2005-02-07
mv_0000001,596533,5,2005-03-20
mv_0000001,287901,5,2005-05-30
mv_0000001,188613,4,2005-09-15
mv_0000001,1654508,3,2005-04-25
mv_0000001,1313126,5,2005-04-27
mv_0000001,51334,4,2005-05-18
mv_0000001,2374451,4,2005-06-05
mv_0000001,2031093,4,2005-06-30
mv_0000001,548064,5,2005-12-02
mv_0000001,946102,5,2005-02-02
mv_0000001,1790158,4,2005-05-17
mv_0000001,1403184,3,2005-11-12
mv_0000001,1535440,4,2005-08-18
mv_0000001,1426604,4,2005-09-01
mv_0000001,1815755,5,2004-07-20
mv_0000002,2059652,4,2005-09-05
mv_0000002,1666394,3,2005-04-19
mv_0000002,1759415,4,2005-04-22
mv_0000002,1959936,5,2005-11-21
mv_0000002,998862,4,2004-11-13
mv_0000002,2625420,2,2004-12-06
mv_0000002,573975,3,2005-07-21
mv_0000002,392722,4,2004-12-10
mv_0000002,1401650,4,2005-02-24
mv_0000002,988104,3,2005-05-23
mv_0000002,977632,4,2004-11-12
mv_0000002,2557870,4,2005-03-27
mv_0000002,1793899,5,2005-06-04
mv_0000002,1340535,5,2004-12-12
mv_0000002,1888322,5,2005-01-20
mv_0000002,1283598,3,2004-11-30
mv_0000002,1784150,4,2005-06-17
mv_0000002,2271251,5,2005-08-19
mv_0000002,65932,3,2005-07-19
mv_0000002,1828884,5,2004-12-21
mv_0000002,1878728,4,2005-12-01
mv_0000002,1922778,3,2005-02-07
mv_0000002,1176404,4,2005-02-23
mv_0000002,2265116,3,2005-09-06
mv_0000002,1078701,4,2005-10-12
mv_0000002,1832577,4,2005-09-07
mv_0000002,748922,5,2005-07-05
mv_0000002,1013802,1,2005-05-30
mv_0000002,1131325,2,2005-11-14
mv_0000002,2244378,4,2005-02-09
mv_0000002,494639,2,2005-09-26
mv_0000002,636262,1,2005-08-23
mv_0000002,1903158,4,2005-03-04
mv_0000002,220427,4,2005-05-05
mv_0000002,2439493,1,2005-02-10
mv_0000002,2225116,4,2005-08-29
mv_0000002,1445632,5,2005-01-30
mv_0000002,2592823,4,2005-02-06
mv_0000002,1288603,5,2005-06-20
mv_0000002,2556926,3,2005-07-09
mv_0000002,1190070,4,2005-11-05
mv_0000002,1312846,3,2005-08-26
mv_0000002,2226229,3,2005-04-24
mv_0000002,1563935,1,2005-08-12
mv_0000002,69809,5,2005-04-08
mv_0000002,1349753,3,2005-03-23
mv_0000002,785768,3,2005-04-19
mv_0000002,426476,5,2005-05-10
mv_0000002,810636,4,2005-04-25
mv_0000002,468713,5,2005-07-18
mv_0000002,222290,4,2005-03-14
mv_0000002,349407,5,2005-01-02
mv_0000002,311232,2,2005-06-28
mv_0000002,2596999,4,2005-10-07
mv_0000002,1025601,5,2005-11-09
mv_0000002,1743759,4,2005-01-30
mv_0000002,2385553,5,2005-05-24
mv_0000002,1374216,1,2005-09-25
mv_0000002,526466,4,2005-03-05
mv_0000002,2648861,3,2005-05-25
mv_0000002,1210631,3,2005-03-24
mv_0000002,2314531,4,2005-07-15
mv_0000002,618272,1,2005-08-14
mv_0000002,2532807,3,2005-01-28
mv_0000002,412535,4,2005-05-23
mv_0000002,1315005,4,2005-06-28
mv_0000002,1358911,5,2005-12-13
mv_0000002,507603,1,2005-07-23
mv_0000002,1507649,5,2005-02-17
mv_0000002,845529,5,2005-04-26
mv_0000002,1479907,5,2005-02-28
mv_0000002,236271,2,2005-06-21
mv_0000002,2422676,3,2005-04-07
mv_0000002,1636093,5,2005-10-20
mv_0000002,995594,5,2005-01-19
mv_0000002,1664010,4,2005-10-13
mv_0000002,2431481,3,2004-11-18
mv_0000002,1980668,5,2004-12-16
mv_0000002,402321,4,2005-04-18
mv_0000002,1344564,3,2005-01-25
mv_0000002,1632603,3,2005-09-09
mv_0000002,2567280,3,2005-03-17
mv_0000002,1623166,3,2005-02-10
mv_0000002,521932,4,2005-01-11
mv_0000002,105086,5,2005-09-20
mv_0000002,2072554,5,2005-05-05
mv_0000002,2231529,3,2005-08-25
mv_0000002,2103439,2,2005-06-05
mv_0000002,261764,1,2005-11-10
mv_0000002,193476,5,2005-03-23
mv_0000002,1576540,4,2005-04-14
mv_0000002,1783594,5,2005-03-07
mv_0000002,503334,4,2005-11-25
mv_0000002,183903,5,2005-01-30
mv_0000002,2606799,1,2005-05-16
mv_0000002,1236127,4,2005-06-07
mv_0000002,2375962,3,2005-07-04
mv_0000002,2212071,3,2005-09-17
mv_0000002,1252841,3,2005-02-06
mv_0000002,247898,5,2005-07-15
mv_0000002,970975,3,2005-09-02
mv_0000002,305344,1,2004-10-16
mv_0000002,1581186,4,2005-02-27
mv_0000002,1129620,3,2005-09-03
mv_0000002,584750,3,2005-11-27
mv_0000002,11409,5,2005-01-13
mv_0000002,1875495,2,2005-01-12
mv_0000002,1403217,2,2005-08-17
mv_0000002,2147527,1,2005-11-18
mv_0000002,2418486,4,2005-11-08
mv_0000002,1476323,5,2004-11-22
mv_0000002,2345723,4,2004-12-26
mv_0000002,2640085,5,2005-04-26
mv_0000002,1803154,2,2004-12-14
mv_0000002,1251170,2,2005-02-11
mv_0000002,527491,4,2005-07-30
mv_0000002,391517,4,2005-05-16
mv_0000002,1398626,3,2005-11-26
mv_0000002,828919,5,2004-12-18
mv_0000002,196494,5,2005-10-03
mv_0000002,715897,5,2005-10-18
mv_0000002,268917,2,2005-06-03
mv_0000002,41422,4,2005-09-11
mv_0000002,1806515,3,2005-09-23
mv_0000002,2118461,4,2005-12-20
mv_0000002,387418,1,2004-11-19
mv_0000002,2019055,5,2005-05-12
mv_0000002,348960,1,2005-09-07
mv_0000002,1167731,4,2005-06-07
mv_0000002,2468831,5,2005-07-05
mv_0000002,219925,4,2005-04-18
mv_0000002,1025193,5,2005-07-07
mv_0000002,630887,5,2005-01-20
mv_0000002,1461435,1,2005-03-21
mv_0000002,1838586,1,2005-08-17
mv_0000002,1515430,3,2005-01-27
mv_0000002,1807053,5,2005-04-25
mv_0000002,1172326,5,2005-06-18
mv_0000002,1785842,3,2005-06-01
mv_0000002,803752,3,2004-11-17
mv_0000002,1581265,3,2005-04-15
mv_0000002,515436,1,2005-02-13
mv_0000002,1824543,4,2005-04-20
mv_0000002,1283204,3,2004-12-23
mv_0000002,1272122,5,2005-07-25
mv_0000003,1025579,4,2003-03-29
mv_0000003,712664,5,2004-02-01
mv_0000003,1331154,4,2004-07-03
mv_0000003,2632461,3,2005-07-22
mv_0000003,44937,5,2004-06-22
mv_0000003,656399,4,2003-09-20
mv_0000003,439011,1,2004-01-22
mv_0000003,1436762,3,2003-03-17
mv_0000003,1644750,3,2003-03-19
mv_0000003,2031561,4,2004-03-31
mv_0000003,616720,4,2003-08-10
mv_0000003,2467008,4,2004-03-15
mv_0000003,975874,5,2004-02-09
mv_0000003,701730,2,2005-10-05
mv_0000003,1614320,4,2003-08-11
mv_0000003,115498,3,2003-07-16
mv_0000003,931626,2,2004-07-08
mv_0000003,699878,4,2003-05-02
mv_0000003,1694958,3,2005-08-10
mv_0000003,66414,5,2004-02-21
mv_0000003,2519847,5,2003-03-10
mv_0000003,948069,3,2003-05-09
mv_0000003,67315,4,2003-08-25
mv_0000003,704249,4,2004-08-16
mv_0000003,454417,4,2004-04-18
mv_0000003,1995318,3,2004-07-14
mv_0000003,2158448,5,2005-05-31
mv_0000003,574843,5,2005-06-13
mv_0000003,714960,4,2005-06-21
mv_0000003,620771,2,2005-09-26
mv_0000003,253876,4,2005-11-01
mv_0000003,1632700,4,2005-11-14
mv_0000003,603277,3,2003-06-21
mv_0000003,79160,4,2005-07-11
mv_0000003,1859725,4,2003-05-30
mv_0000003,283774,5,2003-08-23
mv_0000003,1983667,2,2003-08-08
mv_0000003,2267507,4,2004-05-25
mv_0000003,1813349,4,2003-03-18
mv_0000003,2424721,3,2005-09-04
mv_0000003,1275804,4,2003-08-27
mv_0000003,1204327,4,2004-03-16
mv_0000003,2143489,1,2004-08-23
mv_0000003,672980,5,2004-11-18
mv_0000003,166100,4,2004-12-17
mv_0000003,2537764,5,2005-01-06
mv_0000003,1650301,2,2005-06-17
mv_0000003,553931,4,2005-10-04
mv_0000003,214166,3,2005-10-09
mv_0000003,6689,4,2003-02-20
mv_0000003,109089,5,2003-05-27
mv_0000003,1854303,1,2004-05-29
mv_0000003,525003,5,2003-04-30
mv_0000003,2312349,4,2003-05-13
mv_0000003,188416,3,2004-01-27
mv_0000003,2213550,4,2004-07-01
mv_0000003,24344,4,2004-08-20
mv_0000003,2344483,4,2004-09-28
mv_0000003,531155,4,2005-02-28
mv_0000003,1959707,3,2005-03-19
mv_0000003,2120279,5,2005-05-15
mv_0000003,1977959,4,2003-02-12
mv_0000003,21983,4,2003-04-19
mv_0000003,2173816,1,2003-07-17
mv_0000003,78931,5,2003-07-09
mv_0000003,2145227,4,2003-04-07
mv_0000003,2463079,3,2003-08-26
mv_0000003,1286051,3,2004-01-28
mv_0000003,958104,4,2003-09-03
mv_0000003,489962,3,2003-09-03
mv_0000003,2297863,4,2004-01-13
mv_0000003,958382,4,2004-08-22
mv_0000003,248932,4,2005-04-03
mv_0000003,1756658,3,2005-06-16
mv_0000003,2579794,4,2005-10-26
mv_0000003,1628475,4,2005-11-14
mv_0000003,206809,5,2003-03-05
mv_0000003,1333,4,2004-05-18
mv_0000003,445828,2,2003-10-28
mv_0000003,2079559,5,2004-08-28
mv_0000003,1007809,4,2003-12-16
mv_0000003,1562675,1,2003-03-06
mv_0000003,1477923,4,2003-03-25
mv_0000003,44783,3,2003-11-22
mv_0000003,52540,1,2003-03-22
mv_0000003,2436327,2,2004-07-13
mv_0000003,1830211,4,2004-10-06
mv_0000003,1857979,2,2005-03-08
mv_0000003,1198785,2,2005-06-30
mv_0000003,870391,2,2003-05-19
mv_0000003,2164676,4,2003-03-03
mv_0000003,1281996,4,2003-07-23
mv_0000003,1853885,4,2004-06-18
mv_0000003,2646060,3,2003-09-24
mv_0000003,709342,4,2003-09-10
mv_0000003,1195585,5,2003-08-04
mv_0000003,1319527,5,2005-01-05
mv_0000003,1478381,4,2005-05-26
mv_0000003,1658752,3,2003-03-09
mv_0000003,41371,5,2004-01-21
mv_0000003,1479793,3,2004-01-18
mv_0000003,1406148,3,2004-09-17
mv_0000003,2446687,5,2004-12-14
mv_0000003,968796,3,2005-02-06
mv_0000003,2266857,3,2003-06-13
mv_0000003,1456369,4,2003-07-08
mv_0000003,1078792,4,2005-09-09
mv_0000003,104768,5,2003-11-25
mv_0000003,372528,3,2004-06-30
mv_0000003,2240742,5,2004-11-05
mv_0000003,1401399,4,2005-04-03
mv_0000003,402377,4,2005-04-10
mv_0000003,51230,4,2005-05-22
mv_0000003,2229289,4,2005-12-30
mv_0000003,2554745,4,2004-04-08
mv_0000003,1710932,3,2004-08-16
mv_0000003,1355097,4,2003-03-26
mv_0000003,1231910,3,2003-12-23
mv_0000003,2599552,4,2003-04-14
mv_0000003,1394444,5,2005-02-17
mv_0000003,1094443,2,2003-09-04
mv_0000003,77266,2,2003-03-06
mv_0000003,153249,4,2003-06-24
mv_0000003,2590630,3,2003-10-10
mv_0000003,2596383,3,2005-11-03
mv_0000003,2601294,4,2004-02-10
mv_0000003,2623268,4,2004-12-14
mv_0000003,1756597,5,2005-04-11
mv_0000003,1673185,3,2005-04-14
mv_0000003,2611525,3,2004-02-05
mv_0000003,2013198,4,2003-03-10
mv_0000003,1704175,4,2004-04-29
mv_0000003,2186436,2,2004-04-21
mv_0000003,2252223,5,2004-06-24
mv_0000003,780282,4,2004-06-06
mv_0000003,203667,5,2003-03-25
mv_0000003,2338873,5,2003-03-18
mv_0000003,479779,4,2004-01-13
mv_0000003,1927897,5,2004-07-27
mv_0000003,719833,4,2003-09-08
mv_0000003,871489,5,2004-09-14
mv_0000003,968765,5,2004-10-11
mv_0000003,1057518,4,2005-01-03
mv_0000003,257517,4,2004-05-17
mv_0000003,2003554,4,2003-04-25
mv_0000003,2203875,4,2003-03-07
mv_0000003,2213289,5,2003-06-06
mv_0000003,2630072,3,2003-12-02
mv_0000003,1142291,4,2005-08-22
mv_0000003,1733188,4,2004-03-24
mv_0000003,1614895,4,2003-09-13
mv_0000003,1947922,2,2004-02-19
mv_0000003,1036823,3,2004-09-20
mv_0000003,786312,3,2004-11-06
mv_0000003,1197233,2,2005-02-17
mv_0000003,1100037,3,2005-04-02
mv_0000003,1130826,3,2005-05-02
mv_0000003,620147,5,2005-05-26
mv_0000003,1479047,4,2005-09-27
mv_0000003,1221390,4,2003-02-17
mv_0000003,2193643,5,2003-06-04
mv_0000003,544496,2,2004-02-02
mv_0000003,357507,3,2003-03-04
mv_0000003,976059,3,2004-06-22
mv_0000003,820624,4,2004-02-09
mv_0000003,924839,5,2004-05-18
mv_0000003,966255,4,2004-07-09
mv_0000003,108052,4,2005-03-22
mv_0000003,375319,4,2005-09-15
mv_0000003,309333,4,2005-10-16
mv_0000003,1599030,5,2003-03-05
mv_0000003,2443370,4,2003-07-07
mv_0000003,871580,3,2003-05-13
mv_0000003,311641,1,2005-08-27
mv_0000003,532382,4,2003-08-21
mv_0000003,2378011,5,2004-01-27
mv_0000003,946970,4,2004-01-23
mv_0000003,175763,4,2004-05-04
mv_0000003,619721,4,2004-10-27
mv_0000003,1248452,3,2005-01-20
mv_0000003,1863843,2,2005-06-29
mv_0000003,1915354,4,2005-10-20
mv_0000003,920625,2,2005-11-14
mv_0000003,1100170,4,2005-12-18
mv_0000003,1733406,4,2003-03-26
mv_0000003,755319,3,2005-08-14
mv_0000003,1743030,3,2004-04-05
mv_0000003,309567,2,2003-05-07
mv_0000003,2096587,5,2003-06-09
mv_0000003,345869,4,2004-08-08
mv_0000003,1544094,5,2005-02-22
mv_0000003,1022903,4,2005-09-14
mv_0000003,290951,4,2003-02-24
mv_0000003,1737484,4,2004-08-16
mv_0000003,183215,4,2005-08-15
mv_0000003,2065639,4,2004-04-02
mv_0000003,250836,3,2005-09-08
mv_0000003,2126122,4,2005-02-22
mv_0000003,1206452,4,2005-03-21
mv_0000003,2068821,3,2005-05-30
mv_0000003,1924939,4,2005-10-25
mv_0000003,1940163,4,2005-07-14
mv_0000003,1033433,2,2004-06-05
mv_0000003,1213801,3,2003-04-09
mv_0000003,1045221,1,2003-05-13
mv_0000003,253037,3,2005-08-05
mv_0000003,341954,2,2003-12-15
mv_0000003,697945,4,2003-05-28
mv_0000003,1115632,3,2003-11-24
mv_0000003,2103655,3,2003-08-01
mv_0000003,2495200,5,2004-10-05
mv_0000003,714550,4,2005-04-02
mv_0000003,979820,1,2005-06-26
mv_0000003,514312,3,2004-05-19
mv_0000003,2025577,3,2003-08-22
mv_0000003,1589677,4,2003-06-12
mv_0000003,425033,3,2003-06-13
mv_0000003,2352327,4,2004-09-08
mv_0000003,156078,5,2004-08-03
mv_0000003,851855,4,2003-05-20
mv_0000003,2441707,3,2003-05-23
mv_0000003,1278394,4,2003-06-07
mv_0000003,962955,2,2003-10-03
mv_0000003,811218,5,2004-05-11
mv_0000003,636475,3,2005-01-29
mv_0000003,1087412,4,2005-02-20
mv_0000003,410537,4,2005-06-06
mv_0000003,1586499,3,2003-07-28
mv_0000003,917063,4,2003-02-15
mv_0000003,1023101,3,2003-08-04
mv_0000003,2393306,4,2004-08-31
mv_0000003,788774,4,2003-04-25
mv_0000003,2586963,4,2003-06-08
mv_0000003,2368791,3,2003-04-30
mv_0000003,244266,3,2003-12-04
mv_0000003,2622138,1,2004-02-23
mv_0000003,793228,4,2004-05-19
mv_0000003,1283965,4,2005-11-08
mv_0000003,2135038,4,2003-10-20
mv_0000003,722006,4,2005-02-20
mv_0000003,1511683,1,2003-05-30
mv_0000003,1939663,4,2003-07-20
mv_0000003,1763372,3,2003-06-18
mv_0000003,1834472,3,2003-04-08
mv_0000003,209549,5,2004-06-15
mv_0000003,515850,5,2003-09-23
mv_0000003,1455472,2,2004-06-22
mv_0000003,2301782,4,2004-11-08
mv_0000003,770921,5,2004-12-13
mv_0000003,297498,5,2005-04-04
mv_0000003,386510,5,2005-09-16
mv_0000003,2494367,2,2005-10-08
mv_0000003,1607574,4,2005-10-20
mv_0000003,1594095,4,2004-09-08
mv_0000003,1124822,4,2005-08-15
mv_0000003,544022,3,2004-08-19
mv_0000003,1817216,2,2003-06-10
mv_0000003,1931698,2,2004-07-08
mv_0000003,569099,3,2003-05-19
mv_0000003,1771085,2,2003-07-21
mv_0000003,604949,4,2004-09-19
mv_0000003,213541,3,2004-10-31
mv_0000003,790920,3,2004-12-02
mv_0000003,2554707,4,2005-03-08
mv_0000003,376148,5,2005-04-25
mv_0000003,1689439,5,2004-06-25
mv_0000003,2485566,5,2004-08-09
mv_0000003,2232958,4,2004-03-01
mv_0000003,2267858,3,2003-04-24
mv_0000003,1956967,4,2005-08-13
mv_0000003,2494005,2,2005-08-27
mv_0000003,323148,3,2003-11-29
mv_0000003,2158065,4,2003-10-28
mv_0000003,2370268,4,2003-09-29
mv_0000003,2152838,5,2004-08-01
mv_0000003,1407746,3,2004-08-19
mv_0000003,1666581,4,2005-05-25
mv_0000003,871548,5,2005-03-10
mv_0000003,2385706,4,2003-04-23
mv_0000003,1969676,5,2004-01-26
mv_0000003,1927329,5,2004-01-06
mv_0000003,1938559,5,2004-06-21
mv_0000003,199769,4,2004-01-22
mv_0000003,2576108,1,2003-06-16
mv_0000003,162854,4,2004-10-25
mv_0000003,215406,5,2005-02-18
mv_0000003,2095263,4,2005-05-22
mv_0000003,556045,5,2005-10-18
mv_0000003,817851,4,2004-01-17
mv_0000003,2491399,2,2005-07-24
mv_0000003,1134816,4,2003-07-23
mv_0000003,660454,4,2003-03-24
mv_0000003,581199,4,2003-10-27
mv_0000003,1545189,4,2003-07-07
mv_0000003,1929487,3,2005-09-04
mv_0000003,528384,5,2003-09-26
mv_0000003,2646115,3,2003-10-08
mv_0000003,727242,1,2005-01-04
mv_0000003,883478,1,2005-10-27
mv_0000003,247940,4,2003-08-29
mv_0000003,369761,3,2003-08-19
mv_0000003,1065126,4,2004-03-09
mv_0000003,1101467,4,2003-07-29
mv_0000003,393413,3,2004-04-06
mv_0000003,478176,4,2004-05-26
mv_0000003,1369550,3,2004-10-11
mv_0000003,2428502,4,2005-12-05
mv_0000003,282525,4,2003-02-21
mv_0000003,2085230,4,2004-03-15
mv_0000003,282522,3,2003-06-18
mv_0000003,2246070,3,2004-01-06
mv_0000003,532649,3,2004-01-19
mv_0000003,1053903,2,2004-05-02
mv_0000003,1521266,3,2004-09-28
mv_0000003,2303969,4,2004-12-27
mv_0000003,2580481,2,2005-03-08
mv_0000003,2551806,5,2003-02-17
mv_0000003,1749903,4,2003-07-30
mv_0000003,2549926,5,2003-06-20
mv_0000003,781779,3,2003-06-17
mv_0000003,22853,4,2004-02-10
mv_0000003,1788346,1,2003-05-19
mv_0000003,1858421,4,2004-02-01
mv_0000003,354704,3,2003-10-15
mv_0000003,841137,5,2004-07-19
mv_0000003,475797,4,2004-05-11
mv_0000003,1876156,3,2005-01-12
mv_0000003,769670,4,2005-01-19
mv_0000003,1272379,1,2005-01-19
mv_0000003,2170930,1,2005-06-27
mv_0000003,788185,3,2004-01-25
mv_0000003,336990,3,2003-08-25
mv_0000003,2625746,2,2003-06-30
mv_0000003,2627825,3,2005-03-01
mv_0000003,109124,4,2005-03-12
mv_0000003,834128,3,2005-05-10
mv_0000003,113694,4,2005-06-12
mv_0000003,32555,2,2003-12-15
mv_0000003,592671,3,2003-05-10
mv_0000003,2618956,4,2003-07-10
mv_0000003,1871063,2,2004-07-12
mv_0000003,2437901,3,2004-05-28
mv_0000003,951568,3,2004-07-28
mv_0000003,1314869,2,2005-06-14
mv_0000003,1370323,4,2005-06-29
mv_0000003,475143,4,2005-09-12
mv_0000003,1618217,5,2005-10-31
mv_0000003,1547807,3,2004-05-25
mv_0000003,968759,3,2003-02-14
mv_0000003,2299121,1,2003-09-04
mv_0000003,477486,3,2003-08-03
mv_0000003,1307784,4,2004-10-18
mv_0000003,1234622,4,2004-10-21
mv_0000003,164845,1,2005-03-04
mv_0000003,1318399,4,2005-04-21
mv_0000003,2178924,4,2003-05-04
mv_0000003,1022046,5,2004-01-28
mv_0000003,962342,4,2003-09-25
mv_0000003,636262,1,2005-08-22
mv_0000003,334051,4,2003-05-20
mv_0000003,665242,2,2003-07-15
mv_0000003,701615,3,2005-10-12
mv_0000003,1304280,4,2003-11-26
mv_0000003,2237185,4,2003-02-13
mv_0000003,2175436,3,2003-08-04
mv_0000003,406221,3,2005-08-02
mv_0000003,1926750,5,2003-03-21
mv_0000003,257250,4,2004-02-25
mv_0000003,1281248,2,2003-06-13
mv_0000003,2128386,4,2003-05-08
mv_0000003,179647,5,2003-07-31
mv_0000003,1029943,3,2005-10-31
mv_0000003,786695,4,2003-08-25
mv_0000003,1532433,4,2003-05-07
mv_0000003,2316025,3,2003-03-14
mv_0000003,2506266,5,2003-07-08
mv_0000003,1130920,5,2003-05-08
mv_0000003,1928584,4,2004-06-23
mv_0000003,35770,5,2004-12-28
mv_0000003,1055670,2,2004-04-15
mv_0000003,1740800,5,2004-01-10
mv_0000003,254887,4,2003-02-21
mv_0000003,187322,4,2003-06-11
mv_0000003,2361606,5,2004-04-07
mv_0000003,118694,3,2004-07-30
mv_0000003,1878820,3,2003-06-16
mv_0000003,2391686,3,2004-09-12
mv_0000003,126899,3,2004-10-18
mv_0000003,2269450,3,2004-10-26
mv_0000003,2130480,5,2005-02-16
mv_0000003,1819462,1,2005-04-12
mv_0000003,1130533,3,2005-05-04
mv_0000003,178511,2,2005-12-10
mv_0000003,1649641,3,2005-07-08
mv_0000003,1630448,2,2003-08-16
mv_0000003,2439493,1,2003-02-12
mv_0000003,2160278,3,2003-10-29
mv_0000003,767139,4,2004-07-30
mv_0000003,1025764,3,2003-10-28
mv_0000003,964865,4,2003-09-07
mv_0000003,500867,3,2004-09-03
mv_0000003,294943,4,2004-03-02
mv_0000003,176054,1,2004-12-17
mv_0000003,1697078,2,2005-01-04
mv_0000003,2031917,3,2005-01-04
mv_0000003,1068821,4,2005-10-29
mv_0000003,120004,3,2004-05-05
mv_0000003,1367949,2,2004-01-11
mv_0000003,1205848,4,2003-08-07
mv_0000003,1386457,3,2003-03-11
mv_0000003,1252571,3,2005-08-08
mv_0000003,283935,3,2004-05-24
mv_0000003,137360,2,2005-08-14
mv_0000003,1204833,5,2003-07-24
mv_0000003,504593,4,2004-01-23
mv_0000003,2141351,4,2005-08-30
mv_0000003,1873737,5,2004-02-22
mv_0000003,388752,4,2004-11-17
mv_0000003,2601604,4,2005-11-07
mv_0000003,2609783,4,2005-12-01
mv_0000003,478484,4,2004-07-12
mv_0000003,148844,4,2005-08-02
mv_0000003,253394,5,2003-04-25
mv_0000003,705026,3,2003-06-04
mv_0000003,1634333,5,2003-07-10
mv_0000003,2040306,4,2004-04-23
mv_0000003,44402,4,2005-11-27
mv_0000003,2040110,3,2005-10-30
mv_0000003,2052691,3,2003-05-04
mv_0000003,187834,3,2003-12-24
mv_0000003,2340535,4,2004-06-23
mv_0000003,489033,1,2003-12-03
mv_0000003,2526250,3,2005-08-30
mv_0000003,561923,3,2004-06-05
mv_0000003,2092379,4,2004-03-10
mv_0000003,1998346,4,2004-04-12
mv_0000003,1144273,4,2005-03-23
mv_0000003,328674,3,2005-04-26
mv_0000003,47512,4,2005-07-01
mv_0000003,2159701,4,2005-11-14
mv_0000003,2069119,4,2005-12-11
mv_0000003,1241521,3,2005-07-14
mv_0000003,1616563,4,2003-03-17
mv_0000003,1095071,4,2004-01-07
mv_0000003,1105606,4,2003-10-02
mv_0000003,1806991,5,2003-12-18
mv_0000003,169126,5,2003-10-23
mv_0000003,1386030,4,2004-02-24
mv_0000003,238740,3,2004-08-29
mv_0000003,2083665,2,2004-10-02
mv_0000003,2491723,4,2005-03-20
mv_0000003,1045551,3,2005-04-08
mv_0000003,1873176,5,2003-05-22
mv_0000003,965528,4,2004-01-09
mv_0000003,593454,4,2004-01-14
mv_0000003,2291427,3,2005-08-14
mv_0000003,1182116,3,2003-04-24
mv_0000003,2245500,2,2003-12-23
mv_0000003,677213,4,2004-10-13
mv_0000003,1927891,4,2005-02-01
mv_0000003,1163795,4,2005-03-28
mv_0000003,2079661,3,2005-06-21
mv_0000003,828724,4,2005-09-08
mv_0000003,2560039,3,2005-11-04
mv_0000003,704538,4,2004-07-21
mv_0000003,1873379,4,2003-02-13
mv_0000003,277990,4,2003-11-26
mv_0000003,1052493,4,2004-04-15
mv_0000003,1945838,4,2003-06-03
mv_0000003,1770331,5,2003-06-07
mv_0000003,2584024,3,2005-06-07
mv_0000003,1654540,4,2005-10-16
mv_0000003,2419782,3,2004-03-16
mv_0000003,2068749,3,2003-07-18
mv_0000003,2331444,3,2003-03-07
mv_0000003,1150223,5,2004-01-30
mv_0000003,755056,2,2003-06-10
mv_0000003,1646880,4,2004-05-19
mv_0000003,1506586,3,2004-02-16
mv_0000003,2267950,4,2004-02-02
mv_0000003,1188701,4,2004-05-29
mv_0000003,2531820,4,2004-12-13
mv_0000003,1848973,5,2005-04-22
mv_0000003,1024854,3,2003-09-19
mv_0000003,50123,3,2003-08-13
mv_0000003,631945,4,2004-06-12
mv_0000003,1122977,3,2004-02-15
mv_0000003,1486636,3,2004-01-07
mv_0000003,1374830,4,2004-04-21
mv_0000003,630174,4,2004-11-02
mv_0000003,1068377,5,2004-03-14
mv_0000003,2070019,4,2005-01-19
mv_0000003,1146281,4,2003-04-17
mv_0000003,1136807,4,2003-02-21
mv_0000003,1931131,5,2003-12-11
mv_0000003,2043472,4,2004-02-22
mv_0000003,1276114,3,2003-06-07
mv_0000003,1950189,3,2003-05-20
mv_0000003,1046918,5,2003-08-31
mv_0000003,1320942,5,2003-12-30
mv_0000003,2091987,2,2004-07-14
mv_0000003,2523426,5,2004-05-27
mv_0000003,808635,3,2004-05-05
mv_0000003,1149883,4,2004-10-28
mv_0000003,908840,5,2005-06-20
mv_0000003,61765,4,2005-11-12
mv_0000003,565510,3,2003-03-09
mv_0000003,2592894,4,2003-06-16
mv_0000003,1528420,4,2003-06-23
mv_0000003,563607,4,2003-08-04
mv_0000003,66230,3,2004-04-09
mv_0000003,1598429,2,2004-06-22
mv_0000003,593167,3,2003-06-12
mv_0000003,1765182,4,2004-07-01
mv_0000003,2264426,5,2005-09-02
mv_0000003,2427632,3,2005-09-04
mv_0000003,698713,4,2004-04-15
mv_0000003,510719,4,2005-03-31
mv_0000003,521461,3,2005-04-28
mv_0000003,1399261,3,2004-08-11
mv_0000003,1902658,4,2003-09-15
mv_0000003,2455107,3,2004-03-30
mv_0000003,728801,4,2004-04-19
mv_0000003,2138332,4,2003-03-11
mv_0000003,1963179,3,2004-03-08
mv_0000003,1057394,3,2004-11-07
mv_0000003,1741962,3,2003-03-13
mv_0000003,2415330,4,2003-09-25
mv_0000003,2429036,4,2004-04-20
mv_0000003,212591,4,2003-03-04
mv_0000003,1200589,3,2004-02-23
mv_0000003,2385738,3,2004-09-12
mv_0000003,275639,4,2004-06-04
mv_0000003,1177340,4,2004-12-07
mv_0000003,1412189,5,2005-02-06
mv_0000003,799974,4,2005-04-15
mv_0000003,808966,4,2005-10-01
mv_0000003,640743,3,2003-02-13
mv_0000003,126083,3,2003-03-08
mv_0000003,755976,4,2003-09-22
mv_0000003,1210264,4,2003-07-30
mv_0000003,207781,4,2004-04-19
mv_0000003,1252629,4,2004-06-17
mv_0000003,1551753,3,2004-09-15
mv_0000003,380673,3,2005-01-19
mv_0000003,2552842,4,2003-06-06
mv_0000003,783779,4,2003-08-20
mv_0000003,2201544,4,2005-08-01
mv_0000003,1449353,3,2003-06-03
mv_0000003,528750,4,2003-04-24
mv_0000003,1931520,4,2004-01-28
mv_0000003,2258411,3,2003-07-21
mv_0000003,1797618,4,2004-01-01
mv_0000003,1489854,4,2005-03-10
mv_0000003,204178,4,2005-05-01
mv_0000003,2569181,4,2003-04-03
mv_0000003,1248503,4,2004-05-20
mv_0000003,2630979,4,2003-03-19
mv_0000003,2261427,3,2003-04-30
mv_0000003,2412908,2,2003-05-13
mv_0000003,2306157,5,2004-01-28
mv_0000003,952156,5,2004-03-27
mv_0000003,2282361,5,2004-05-29
mv_0000003,1698103,4,2003-03-30
mv_0000003,1903324,1,2004-08-19
mv_0000003,1387650,3,2004-04-27
mv_0000003,2322625,4,2004-08-08
mv_0000003,1542242,4,2004-03-14
mv_0000003,572124,4,2004-06-08
mv_0000003,2607695,4,2003-05-28
mv_0000003,2331728,3,2004-02-23
mv_0000003,222897,4,2004-03-26
mv_0000003,2159596,5,2005-02-12
mv_0000003,1270144,4,2005-09-19
mv_0000003,1012590,2,2003-08-01
mv_0000003,410618,2,2003-10-17
mv_0000003,2261134,3,2003-06-24
mv_0000003,1590745,3,2004-02-09
mv_0000003,1871017,5,2004-02-18
mv_0000003,818752,4,2004-06-08
mv_0000003,1048289,3,2004-08-29
mv_0000003,28995,4,2005-06-30
mv_0000003,1517590,4,2004-02-04
mv_0000003,1416480,3,2003-07-09
mv_0000003,2600868,3,2003-04-17
mv_0000003,650828,3,2004-07-14
mv_0000003,1606088,1,2003-06-11
mv_0000003,776473,4,2003-06-24
mv_0000003,1531396,4,2004-04-16
mv_0000003,2415196,3,2004-03-16
mv_0000003,573330,4,2005-02-24
mv_0000003,1471616,5,2005-05-18
mv_0000003,2197203,4,2005-09-10
mv_0000003,2369629,4,2005-07-18
mv_0000003,1404157,1,2003-07-02
mv_0000003,1427751,3,2003-11-06
mv_0000003,780687,4,2003-05-27
mv_0000003,115108,3,2003-03-04
mv_0000003,306622,5,2004-04-13
mv_0000003,1246260,3,2004-06-28
mv_0000003,1312336,4,2004-07-21
mv_0000003,664185,4,2005-02-20
mv_0000003,975911,4,2003-11-29
mv_0000003,132691,4,2003-03-12
mv_0000003,2564320,3,2003-05-13
mv_0000003,493009,3,2004-08-25
mv_0000003,766872,5,2004-03-24
mv_0000003,2176039,3,2004-01-30
mv_0000003,767052,3,2004-01-29
mv_0000003,1265961,4,2004-08-25
mv_0000003,2457095,1,2004-09-29
mv_0000003,1791461,4,2004-10-14
mv_0000003,2353520,4,2005-03-26
mv_0000003,1760074,4,2005-05-16
mv_0000003,277837,2,2005-05-30
mv_0000003,2573212,3,2005-11-08
mv_0000003,1460897,4,2005-07-17
mv_0000003,1828803,3,2003-08-27
mv_0000003,133322,4,2004-04-20
mv_0000003,596255,1,2005-08-18
mv_0000003,170874,4,2004-04-02
mv_0000003,2370423,4,2004-04-27
mv_0000003,939186,3,2004-09-27
mv_0000003,1208920,3,2004-12-01
mv_0000003,1766721,5,2005-03-27
mv_0000003,1218004,4,2005-04-14
mv_0000003,2596745,4,2005-05-09
mv_0000003,745661,2,2005-06-09
mv_0000003,2235676,4,2005-11-30
mv_0000003,1446775,4,2003-02-20
mv_0000003,2141037,5,2003-04-14
mv_0000003,660962,4,2003-11-03
mv_0000003,1346995,5,2004-06-23
mv_0000003,1982434,3,2003-08-05
mv_0000003,2421781,3,2004-09-17
mv_0000003,1148318,4,2004-11-29
mv_0000003,769824,4,2004-12-19
mv_0000003,499971,5,2005-01-10
mv_0000003,1105029,3,2005-02-25
mv_0000003,1611056,3,2005-04-13
mv_0000003,789530,5,2005-05-05
mv_0000003,1742530,4,2005-09-27
mv_0000003,1437916,4,2005-12-12
mv_0000003,226609,5,2003-06-18
mv_0000003,2380272,4,2003-09-07
mv_0000003,2261864,4,2003-10-14
mv_0000003,1868998,5,2003-12-10
mv_0000003,2538387,3,2005-08-31
mv_0000003,188104,3,2004-04-08
mv_0000003,1114552,3,2004-04-09
mv_0000003,2323050,3,2004-07-26
mv_0000003,253900,5,2004-10-15
mv_0000003,1816177,5,2005-03-05
mv_0000003,2427438,4,2003-11-26
mv_0000003,528343,3,2003-10-30
mv_0000003,163515,4,2003-10-22
mv_0000003,974525,3,2005-08-07
mv_0000003,2206130,4,2003-12-18
mv_0000003,2309882,4,2003-03-31
mv_0000003,1787324,5,2004-02-14
mv_0000003,1764923,4,2004-10-13
mv_0000003,1215094,4,2005-07-10
mv_0000003,2589029,3,2004-07-30
mv_0000003,344444,3,2004-04-17
mv_0000003,1301832,4,2003-08-20
mv_0000003,87664,3,2003-08-26
mv_0000003,192539,4,2003-09-22
mv_0000003,1426472,4,2004-03-15
mv_0000003,1614939,3,2005-10-24
mv_0000003,2369855,4,2005-07-13
mv_0000003,522534,2,2003-05-04
mv_0000003,1098735,2,2004-07-09
mv_0000003,1262754,4,2005-02-19
mv_0000003,761585,4,2003-09-04
mv_0000003,1560333,4,2004-12-04
mv_0000003,1204995,3,2003-06-12
mv_0000003,1327359,3,2003-08-20
mv_0000003,2013314,4,2004-11-16
mv_0000003,130968,4,2005-01-31
mv_0000003,364140,4,2005-09-18
mv_0000003,2632269,5,2005-10-31
mv_0000003,494633,4,2004-04-14
mv_0000003,1500112,4,2005-07-14
mv_0000003,1599561,4,2003-05-29
mv_0000003,1316434,4,2003-12-02
mv_0000003,2515053,3,2003-09-29
mv_0000003,1171843,5,2003-07-22
mv_0000003,234141,2,2003-03-13
mv_0000003,1668888,5,2003-06-30
mv_0000003,968745,3,2003-07-26
mv_0000003,546933,4,2003-05-28
mv_0000003,1392235,4,2004-02-22
mv_0000003,6384,3,2003-08-26
mv_0000003,745706,3,2004-02-05
mv_0000003,608018,5,2004-09-26
mv_0000003,1674012,3,2004-11-03
mv_0000003,2494445,3,2005-05-11
mv_0000003,1076614,3,2005-05-12
mv_0000003,2189341,3,2005-06-07
mv_0000003,749164,4,2005-06-20
mv_0000003,2616210,2,2005-12-06
mv_0000003,307313,5,2005-07-05
mv_0000003,2496050,4,2003-08-19
mv_0000003,299857,3,2004-04-05
mv_0000003,967839,2,2005-07-26
mv_0000003,919805,4,2004-05-19
mv_0000003,282268,4,2005-08-02
mv_0000003,2053378,3,2003-08-13
mv_0000003,1774181,4,2003-12-23
mv_0000003,1533440,4,2005-10-22
mv_0000003,2541654,3,2003-04-21
mv_0000003,237824,3,2003-05-20
mv_0000003,1080789,3,2004-04-12
mv_0000003,2604320,5,2004-04-29
mv_0000003,6510,3,2004-09-13
mv_0000003,414045,5,2004-06-20
mv_0000003,81036,4,2004-11-29
mv_0000003,1187347,2,2004-12-10
mv_0000003,2163577,3,2005-03-11
mv_0000003,936199,3,2005-03-14
mv_0000003,747695,4,2005-07-12
mv_0000003,787391,4,2003-03-17
mv_0000003,2320915,4,2003-06-10
mv_0000003,2578149,3,2004-01-06
mv_0000003,2343458,5,2004-04-02
mv_0000003,2163341,4,2004-10-25
mv_0000003,2629551,5,2004-11-03
mv_0000003,1888597,4,2005-07-14
mv_0000003,313158,5,2003-05-23
mv_0000003,2641668,4,2003-04-07
mv_0000003,1917839,3,2004-06-15
mv_0000003,504296,3,2003-08-18
mv_0000003,2431172,5,2004-02-18
mv_0000003,1994646,4,2004-05-10
mv_0000003,46360,5,2004-09-17
mv_0000003,173571,5,2004-11-04
mv_0000003,1080008,3,2005-09-18
mv_0000003,1085488,4,2005-11-20
mv_0000003,1731912,4,2005-02-20
mv_0000003,1527679,4,2003-02-24
mv_0000003,1434479,5,2005-07-29
mv_0000003,2311464,3,2003-04-01
mv_0000003,1394194,3,2003-06-02
mv_0000003,2430230,5,2003-03-28
mv_0000003,330329,5,2004-10-07
mv_0000003,525648,4,2004-12-01
mv_0000003,1529214,3,2004-12-09
mv_0000003,952748,4,2004-12-26
mv_0000003,1031887,4,2004-12-28
mv_0000003,2354593,2,2005-01-19
mv_0000003,341649,3,2005-01-22
mv_0000003,2476384,3,2005-01-23
mv_0000003,595870,1,2005-01-29
mv_0000003,618288,5,2005-03-17
mv_0000003,592281,3,2003-05-04
mv_0000003,1174779,4,2003-11-03
mv_0000003,2146656,1,2003-05-29
mv_0000003,1813526,5,2003-07-07
mv_0000003,41947,3,2003-10-04
mv_0000003,532710,3,2003-06-05
mv_0000003,502145,4,2003-11-06
mv_0000003,1578883,5,2004-07-17
mv_0000003,1722588,5,2003-05-31
mv_0000003,2335640,3,2004-06-08
mv_0000003,1214640,3,2005-06-20
mv_0000003,174107,4,2005-11-07
mv_0000003,1580424,4,2005-12-01
mv_0000003,1566551,4,2003-05-28
mv_0000003,718211,4,2003-05-19
mv_0000003,986066,3,2004-08-17
mv_0000003,1139969,3,2003-06-02
mv_0000003,2464102,5,2003-10-30
mv_0000003,1800842,5,2004-04-21
mv_0000003,1321352,4,2004-08-30
mv_0000003,1507034,3,2005-03-16
mv_0000003,1591987,3,2005-05-17
mv_0000003,1830000,5,2005-07-21
mv_0000003,106442,2,2003-07-10
mv_0000003,285765,4,2004-02-06
mv_0000003,235124,4,2003-07-21
mv_0000003,2012052,5,2004-02-18
mv_0000003,1180049,3,2004-10-19
mv_0000003,620063,5,2005-01-31
mv_0000003,2552319,3,2005-04-03
mv_0000003,2235548,2,2003-06-24
mv_0000003,634604,5,2005-07-12
mv_0000003,820357,5,2003-05-23
mv_0000003,657582,4,2003-02-21
mv_0000003,2334738,5,2005-08-09
mv_0000003,1053090,4,2003-11-16
mv_0000003,1606520,3,2003-08-04
mv_0000003,46567,4,2005-08-16
mv_0000003,303270,2,2003-06-23
mv_0000003,1388915,4,2004-01-21
mv_0000003,470596,3,2004-02-09
mv_0000003,1969536,5,2005-03-09
mv_0000003,1541638,4,2005-10-08
mv_0000003,2588486,3,2004-08-19
mv_0000003,214262,3,2004-02-18
mv_0000003,701692,3,2003-04-08
mv_0000003,10996,2,2003-11-28
mv_0000003,2054241,4,2005-09-07
mv_0000003,1343649,4,2004-03-16
mv_0000003,1973244,4,2005-03-03
mv_0000003,659526,4,2005-05-29
mv_0000003,842962,4,2005-06-24
mv_0000003,2243988,4,2003-02-14
mv_0000003,2639813,3,2004-01-04
mv_0000003,1255155,4,2004-06-14
mv_0000003,2359486,4,2003-08-03
mv_0000003,1767741,4,2004-01-09
mv_0000003,975790,4,2004-06-03
mv_0000003,694149,3,2004-09-01
mv_0000003,1650580,4,2005-02-28
mv_0000003,2168594,3,2005-04-26
mv_0000003,2476740,4,2005-06-17
mv_0000003,382660,4,2005-07-04
mv_0000003,1364733,5,2005-09-28
mv_0000003,2118126,2,2004-08-08
mv_0000003,1799047,3,2003-03-24
mv_0000003,895914,3,2005-01-08
mv_0000003,1241999,4,2004-10-20
mv_0000003,1209934,4,2004-12-17
mv_0000003,945888,4,2005-01-13
mv_0000003,1007254,4,2005-02-27
mv_0000003,336842,4,2005-05-29
mv_0000003,1948594,4,2005-10-28
mv_0000003,1982967,2,2003-02-16
mv_0000003,2510089,4,2005-07-29
mv_0000003,957941,3,2004-02-11
mv_0000003,1444657,4,2003-03-25
mv_0000003,213486,4,2003-04-30
mv_0000003,969759,5,2004-09-03
mv_0000003,788698,3,2003-11-29
mv_0000003,2078462,3,2004-05-17
mv_0000003,2381019,5,2004-08-09
mv_0000003,931055,3,2005-04-08
mv_0000003,1684416,4,2005-05-05
mv_0000003,2357357,2,2005-09-13
mv_0000003,1664010,5,2005-10-14
mv_0000003,1573289,4,2005-11-15
mv_0000003,577547,5,2003-02-26
mv_0000003,939840,3,2003-04-28
mv_0000003,601868,4,2003-07-16
mv_0000003,1434651,3,2004-06-22
mv_0000003,1096430,2,2004-04-22
mv_0000003,586741,3,2005-03-28
mv_0000003,1043428,2,2005-04-14
mv_0000003,822575,4,2005-09-17
mv_0000003,2567000,2,2005-11-18
mv_0000003,907023,4,2003-03-31
mv_0000003,1924500,2,2003-04-15
mv_0000003,134288,3,2003-06-14
mv_0000003,1662102,4,2003-06-23
mv_0000003,2249828,3,2005-01-31
mv_0000003,2424335,3,2005-11-15
mv_0000003,1071305,4,2003-03-31
mv_0000003,556534,3,2003-07-22
mv_0000003,2180134,5,2005-08-15
mv_0000003,1361124,5,2003-05-03
mv_0000003,576990,1,2004-12-17
mv_0000003,2446163,3,2005-10-24
mv_0000003,317848,4,2004-07-18
mv_0000003,937412,5,2003-06-30
mv_0000003,1968068,4,2003-12-31
mv_0000003,395098,2,2005-08-09
mv_0000003,1523143,5,2003-08-13
mv_0000003,1872926,3,2004-01-06
mv_0000003,1735700,4,2003-10-24
mv_0000003,1524620,3,2004-02-09
mv_0000003,212652,5,2003-09-12
mv_0000003,1207990,4,2004-04-23
mv_0000003,2007573,4,2003-07-12
mv_0000003,2363785,4,2004-12-06
mv_0000003,1582905,5,2003-08-22
mv_0000003,480206,4,2003-03-03
mv_0000003,1583947,4,2004-05-27
mv_0000003,2121501,5,2004-04-08
mv_0000003,1808876,4,2003-07-07
mv_0000003,2045112,1,2004-04-02
mv_0000003,791029,3,2004-06-15
mv_0000003,122302,5,2004-09-27
mv_0000003,1648933,4,2004-10-15
mv_0000003,517794,4,2004-10-20
mv_0000003,2263838,4,2004-11-27
mv_0000003,105322,2,2004-12-27
mv_0000003,1598669,3,2005-03-01
mv_0000003,599635,4,2005-03-21
mv_0000003,689205,4,2005-09-09
mv_0000003,1114669,3,2004-02-03
mv_0000003,2088375,3,2003-06-09
mv_0000003,1838839,3,2003-03-20
mv_0000003,373441,5,2003-06-23
mv_0000003,918187,5,2004-01-26
mv_0000003,1241131,5,2003-08-05
mv_0000003,2535238,4,2004-05-11
mv_0000003,2490563,3,2004-10-08
mv_0000003,2130988,5,2005-06-12
mv_0000003,1304156,3,2003-03-14
mv_0000003,1249592,4,2004-07-20
mv_0000003,2140261,2,2005-07-24
mv_0000003,773165,4,2003-04-29
mv_0000003,1610234,1,2005-08-17
mv_0000003,594196,5,2004-01-31
mv_0000003,853383,4,2003-10-23
mv_0000003,592455,2,2003-10-03
mv_0000003,1730699,4,2004-01-12
mv_0000003,2456574,4,2004-08-16
mv_0000003,2477231,4,2004-07-14
mv_0000003,1679973,3,2004-02-12
mv_0000003,877394,4,2004-12-16
mv_0000003,606570,4,2005-05-27
mv_0000003,2490049,3,2005-06-15
mv_0000003,552356,3,2005-12-22
mv_0000003,127911,2,2004-01-01
mv_0000003,1419705,4,2003-04-22
mv_0000003,963611,4,2003-03-19
mv_0000003,1189199,3,2004-03-10
mv_0000003,1925002,4,2004-05-01
mv_0000003,873713,1,2004-10-25
mv_0000003,2325455,4,2005-10-17
mv_0000003,1645664,1,2003-05-21
mv_0000003,2318004,4,2004-02-05
mv_0000003,1107183,5,2003-07-06
mv_0000003,2296192,4,2004-03-01
mv_0000003,734381,5,2004-06-22
mv_0000003,25049,4,2004-05-17
mv_0000003,2050199,3,2005-06-28
mv_0000003,360757,3,2005-10-21
mv_0000003,580784,3,2003-08-08
mv_0000003,286684,3,2004-01-31
mv_0000003,273641,3,2003-10-13
mv_0000003,2318471,3,2003-07-25
mv_0000003,400785,3,2004-07-26
mv_0000003,1071088,4,2003-09-08
mv_0000003,1887644,4,2005-11-18
mv_0000003,1825647,4,2003-02-14
mv_0000003,2028133,4,2004-02-20
mv_0000003,1982293,5,2003-04-10
mv_0000003,818615,4,2003-06-26
mv_0000003,2142951,4,2004-05-19
mv_0000003,1848868,4,2003-03-08
mv_0000003,2573391,3,2003-04-17
mv_0000003,1309777,4,2003-09-06
mv_0000003,40112,4,2003-03-16
mv_0000003,2385945,3,2003-06-15
mv_0000003,1627242,4,2003-03-22
mv_0000003,500866,4,2003-05-24
mv_0000003,271028,4,2003-09-09
mv_0000003,691212,4,2004-08-18
mv_0000003,675111,3,2003-10-22
mv_0000003,177615,4,2004-10-03
mv_0000003,2387369,4,2005-06-17
mv_0000003,2212303,3,2004-03-02
mv_0000003,1897386,3,2004-07-13
mv_0000003,396140,4,2003-05-22
mv_0000003,1822608,3,2003-06-02
mv_0000003,1190391,5,2003-10-06
mv_0000003,1502301,4,2003-11-05
mv_0000003,966716,5,2004-10-09
mv_0000003,1901682,4,2005-01-26
mv_0000003,2360612,4,2005-06-06
mv_0000003,289419,5,2005-11-22
mv_0000003,1508115,4,2005-07-12
mv_0000003,1300105,3,2005-07-12
mv_0000003,2638972,4,2003-07-12
mv_0000003,565401,5,2003-02-18
mv_0000003,950631,3,2004-09-07
mv_0000003,250597,4,2005-08-13
mv_0000003,2011181,4,2004-03-12
mv_0000003,238130,3,2004-05-03
mv_0000003,318409,2,2004-09-19
mv_0000003,2546859,3,2004-10-13
mv_0000003,799810,2,2005-09-10
mv_0000003,1998128,4,2003-07-31
mv_0000003,1824009,5,2003-02-20
mv_0000003,2625471,4,2003-10-03
mv_0000003,2382844,5,2004-07-10
mv_0000003,2460844,3,2004-02-08
mv_0000003,2532041,4,2004-05-23
mv_0000003,2303590,3,2004-11-23
mv_0000003,771637,3,2004-11-30
mv_0000003,1196471,5,2003-09-22
mv_0000003,252818,4,2004-02-09
mv_0000003,2072907,4,2004-02-06
mv_0000003,191678,5,2004-02-19
mv_0000003,368786,3,2005-02-13
mv_0000003,1935793,1,2005-03-23
mv_0000003,2127528,5,2005-06-13
mv_0000003,14035,5,2005-10-12
mv_0000003,2509302,5,2003-12-15
mv_0000003,2393981,4,2004-03-27
mv_0000003,2506048,4,2004-08-24
mv_0000003,2253090,3,2003-03-04
mv_0000003,2440601,4,2003-04-06
mv_0000003,2182390,4,2003-08-19
mv_0000003,2219240,3,2005-08-20
mv_0000003,759509,2,2004-02-12
mv_0000003,1753949,3,2004-04-16
mv_0000003,2616793,5,2005-03-21
mv_0000003,1279413,5,2005-04-10
mv_0000003,1961586,4,2005-04-15
mv_0000003,1788052,5,2005-10-17
mv_0000003,2623717,4,2003-08-20
mv_0000003,446889,3,2004-01-20
mv_0000003,780253,2,2003-02-24
mv_0000003,2113709,4,2003-04-11
mv_0000003,66852,3,2004-01-18
mv_0000003,707012,5,2003-09-17
mv_0000003,2315555,3,2005-09-02
mv_0000003,483380,4,2003-10-30
mv_0000003,1940324,4,2003-09-12
mv_0000003,916101,2,2004-04-30
mv_0000003,377975,3,2004-12-26
mv_0000003,2620317,4,2005-01-04
mv_0000003,1204665,4,2005-01-11
mv_0000003,53663,3,2005-02-08
mv_0000003,1255507,4,2005-04-14
mv_0000003,332805,4,2005-04-19
mv_0000003,349821,4,2005-09-21
mv_0000003,1739440,4,2003-04-15
mv_0000003,1431663,4,2003-07-14
mv_0000003,1708442,4,2004-04-20
mv_0000003,1011106,4,2004-07-08
mv_0000003,1904916,4,2003-05-20
mv_0000003,859412,5,2004-04-07
mv_0000003,1663717,3,2003-03-03
mv_0000003,168939,5,2003-10-15
mv_0000003,2568375,4,2004-06-15
mv_0000003,1001461,3,2003-12-04
mv_0000003,693162,3,2004-01-24
mv_0000003,2306557,4,2004-10-18
mv_0000003,1425295,3,2005-02-25
mv_0000003,2319412,5,2005-06-02
mv_0000003,2171387,5,2005-09-10
mv_0000003,5225,4,2005-07-07
mv_0000003,2541854,5,2003-04-09
mv_0000003,797889,4,2003-10-07
mv_0000003,1667341,4,2003-04-30
mv_0000003,1168312,4,2004-01-30
mv_0000003,679042,4,2003-03-10
mv_0000003,2349577,4,2003-08-03
mv_0000003,854949,4,2003-07-20
mv_0000003,2291306,2,2004-02-19
mv_0000003,2310747,4,2004-08-11
mv_0000003,282736,4,2004-09-20
mv_0000003,2498387,3,2004-10-04
mv_0000003,244062,3,2004-11-24
mv_0000003,1788839,4,2005-05-06
mv_0000003,2470497,4,2005-06-06
mv_0000003,2001318,4,2003-05-28
mv_0000003,340279,4,2003-08-04
mv_0000003,1672270,3,2003-09-17
mv_0000003,300962,5,2003-02-16
mv_0000003,1114714,4,2003-11-14
mv_0000003,1717162,2,2003-07-07
mv_0000003,2046267,3,2003-07-16
mv_0000003,902495,5,2003-09-20
mv_0000003,824980,2,2003-12-01
mv_0000003,427346,4,2004-02-01
mv_0000003,531125,1,2004-07-20
mv_0000003,2178437,4,2005-01-29
mv_0000003,423402,3,2005-03-02
mv_0000003,939439,4,2005-05-02
mv_0000003,2216837,4,2005-05-25
mv_0000003,195008,4,2005-12-13
mv_0000003,1477176,3,2005-07-18
mv_0000003,2550711,3,2004-07-17
mv_0000003,2394410,3,2003-11-08
mv_0000003,673040,3,2003-03-20
mv_0000003,653682,3,2003-06-16
mv_0000003,458859,4,2004-11-04
mv_0000003,1765372,4,2004-11-09
mv_0000003,850959,4,2005-09-28
mv_0000003,171881,5,2005-10-24
mv_0000003,333257,4,2005-07-08
mv_0000003,513050,3,2003-06-11
mv_0000003,2397497,5,2003-08-18
mv_0000003,718564,3,2003-10-27
mv_0000003,565962,5,2003-08-29
mv_0000003,1746477,4,2004-09-08
mv_0000003,1967585,3,2003-02-13
mv_0000003,1600170,3,2003-05-30
mv_0000003,1432546,4,2004-01-07
mv_0000003,1409864,5,2004-03-02
mv_0000003,542345,4,2004-08-05
mv_0000003,1972244,3,2004-07-25
mv_0000003,1912781,5,2005-02-07
mv_0000003,1699645,4,2005-09-20
mv_0000003,815695,4,2005-09-27
mv_0000003,320972,5,2004-07-01
mv_0000003,1662883,3,2003-08-28
mv_0000003,1269998,3,2003-03-07
mv_0000003,1520403,4,2003-07-10
mv_0000003,2253583,3,2003-06-09
mv_0000003,1113667,4,2004-01-07
mv_0000003,513930,3,2003-04-21
mv_0000003,1055669,5,2003-05-06
mv_0000003,382405,4,2003-04-21
mv_0000003,1424177,5,2003-08-11
mv_0000003,1341822,3,2004-02-23
mv_0000003,186973,5,2004-12-29
mv_0000003,1377693,5,2005-03-06
mv_0000003,2340579,3,2005-09-21
mv_0000003,1514528,4,2005-09-22
mv_0000003,465276,5,2005-07-22
mv_0000003,1233239,5,2004-09-10
mv_0000003,450285,4,2004-08-23
mv_0000003,2567571,1,2004-02-19
mv_0000003,2646591,4,2003-04-21
mv_0000003,323983,4,2003-03-21
mv_0000003,1988071,5,2003-07-30
mv_0000003,2176634,4,2003-05-26
mv_0000003,2002948,3,2003-09-06
mv_0000003,1448818,3,2004-09-22
mv_0000003,273047,2,2004-10-13
mv_0000003,1560653,4,2004-11-03
mv_0000003,1240730,4,2004-12-13
mv_0000003,1528767,4,2005-02-10
mv_0000003,1957291,2,2005-07-19
mv_0000003,2331421,4,2004-02-27
mv_0000003,1317671,3,2004-10-12
mv_0000003,356515,3,2005-04-12
mv_0000003,1907559,3,2003-07-24
mv_0000003,2133574,3,2003-05-14
mv_0000003,1264021,4,2003-09-26
mv_0000003,831364,5,2003-08-03
mv_0000003,1254363,4,2003-04-30
mv_0000003,384821,4,2004-03-01
mv_0000003,2625327,3,2004-01-05
mv_0000003,821727,4,2004-03-08
mv_0000003,1218968,3,2003-11-12
mv_0000003,204104,5,2004-12-16
mv_0000003,1591925,4,2005-10-04
mv_0000003,442911,3,2005-12-04
mv_0000003,2153128,3,2003-05-30
mv_0000003,2131774,2,2004-12-03
mv_0000003,1139925,5,2003-08-28
mv_0000003,91245,4,2004-01-26
mv_0000003,2089599,1,2004-01-19
mv_0000003,752702,1,2004-05-26
mv_0000003,86901,4,2004-10-17
mv_0000003,2059660,5,2005-05-19
mv_0000003,588344,5,2005-06-20
mv_0000003,1641505,4,2005-12-01
mv_0000003,1822357,3,2003-02-13
mv_0000003,1538798,4,2003-07-26
mv_0000003,1520904,4,2003-04-21
mv_0000003,2018983,3,2003-07-09
mv_0000003,2615224,3,2003-06-20
mv_0000003,2203182,3,2005-02-18
mv_0000003,1235651,2,2004-04-08
mv_0000003,2444204,4,2003-10-08
mv_0000003,254222,3,2004-08-29
mv_0000003,406219,3,2004-05-24
mv_0000003,1389295,4,2004-04-16
mv_0000003,2384389,4,2004-09-27
mv_0000003,1167852,5,2004-10-06
mv_0000003,1822349,2,2005-01-04
mv_0000003,2606799,2,2005-05-16
mv_0000003,1993442,5,2005-12-16
mv_0000003,1404431,3,2004-06-16
mv_0000003,407675,3,2004-03-22
mv_0000003,973553,5,2003-08-13
mv_0000003,117878,4,2004-07-27
mv_0000003,1843253,4,2004-05-21
mv_0000003,827502,4,2003-08-02
mv_0000003,723983,3,2004-06-27
mv_0000003,2296114,4,2005-03-26
mv_0000003,1984315,3,2005-04-06
mv_0000003,152441,4,2003-04-03
mv_0000003,2241241,3,2003-08-10
mv_0000003,556249,3,2003-06-09
mv_0000003,1382951,4,2003-10-18
mv_0000003,401178,4,2003-07-11
mv_0000003,2307036,3,2004-06-28
mv_0000003,1147677,3,2004-06-20
mv_0000003,1051159,4,2003-05-19
mv_0000003,957368,4,2004-02-03
mv_0000003,2041322,3,2004-10-21
mv_0000003,1432211,3,2004-11-15
mv_0000003,966771,4,2005-03-01
mv_0000003,664705,5,2003-09-03
mv_0000003,341587,4,2004-06-01
mv_0000003,1526467,1,2003-02-26
mv_0000003,611883,4,2004-01-18
mv_0000003,1324333,5,2004-02-02
mv_0000003,1996328,5,2004-07-24
mv_0000003,1925306,4,2005-02-01
mv_0000003,896636,4,2005-04-17
mv_0000003,296193,4,2005-11-17
mv_0000003,2213342,4,2003-02-18
mv_0000003,78684,3,2003-12-30
mv_0000003,2127544,4,2004-03-04
mv_0000003,759737,1,2005-08-07
mv_0000003,2635895,5,2004-01-22
mv_0000003,1955713,4,2004-01-29
mv_0000003,2532417,5,2003-10-17
mv_0000003,885932,4,2004-08-09
mv_0000003,1230729,4,2004-01-28
mv_0000003,2006847,4,2004-02-18
mv_0000003,1531973,3,2004-09-27
mv_0000003,404170,4,2003-04-16
mv_0000003,375046,1,2003-03-29
mv_0000003,184273,4,2003-11-28
mv_0000003,2232934,5,2004-04-22
mv_0000003,1494376,3,2004-04-15
mv_0000003,901137,5,2004-06-21
mv_0000003,491513,4,2004-07-09
mv_0000003,414236,4,2005-10-11
mv_0000003,504624,4,2004-08-25
mv_0000003,789014,1,2003-02-11
mv_0000003,1685083,5,2004-04-26
mv_0000003,594683,5,2004-05-14
mv_0000003,1788335,1,2003-03-19
mv_0000003,890323,4,2003-08-06
mv_0000003,1353746,4,2003-06-03
mv_0000003,1964351,3,2004-06-28
mv_0000003,798296,4,2004-09-21
mv_0000003,586421,4,2004-12-16
mv_0000003,895969,4,2005-06-02
mv_0000003,682963,3,2005-06-20
mv_0000003,665941,3,2005-09-12
mv_0000003,1086213,4,2005-10-10
mv_0000003,545026,4,2005-10-16
mv_0000003,37939,2,2005-07-11
mv_0000003,1932915,3,2003-04-21
mv_0000003,1373119,4,2005-08-01
mv_0000003,2423552,3,2003-10-13
mv_0000003,16272,4,2003-02-13
mv_0000003,999444,4,2003-04-25
mv_0000003,2194081,4,2004-05-15
mv_0000003,848260,3,2004-02-18
mv_0000003,1880039,3,2004-10-25
mv_0000003,1059076,3,2005-01-04
mv_0000003,38129,5,2005-02-07
mv_0000003,421817,2,2005-03-16
mv_0000003,191450,5,2005-03-29
mv_0000003,114072,5,2005-10-09
mv_0000003,306495,4,2005-07-12
mv_0000003,1235873,2,2003-05-17
mv_0000003,60973,4,2003-08-17
mv_0000003,762240,4,2004-07-14
mv_0000003,641785,3,2003-10-11
mv_0000003,805157,4,2004-04-15
mv_0000003,573995,4,2004-06-19
mv_0000003,1506872,3,2004-12-08
mv_0000003,2561674,1,2005-12-04
mv_0000003,1082332,3,2003-06-11
mv_0000003,738379,4,2005-07-18
mv_0000003,308307,5,2004-01-05
mv_0000003,1999678,5,2003-06-29
mv_0000003,2616272,5,2003-10-14
mv_0000003,1889913,5,2004-06-23
mv_0000003,807048,5,2003-04-17
mv_0000003,2391281,3,2004-01-30
mv_0000003,1687564,4,2003-04-29
mv_0000003,176936,5,2003-07-22
mv_0000003,63593,1,2004-06-05
mv_0000003,2266937,3,2004-01-11
mv_0000003,683123,3,2005-02-24
mv_0000003,1662118,2,2005-04-20
mv_0000003,959486,5,2005-06-04
mv_0000003,766450,3,2005-06-29
mv_0000003,971925,5,2005-09-25
mv_0000003,531396,3,2005-11-23
mv_0000003,2465085,4,2004-02-10
mv_0000003,1871020,3,2003-05-22
mv_0000003,315433,2,2003-09-15
mv_0000003,393945,2,2005-08-15
mv_0000003,2385435,5,2004-02-10
mv_0000003,447468,5,2004-05-24
mv_0000003,983123,5,2005-02-23
mv_0000003,819822,2,2005-06-19
mv_0000003,1627849,2,2003-08-19
mv_0000003,538741,4,2003-10-31
mv_0000003,1835786,4,2003-09-29
mv_0000003,2458504,4,2003-07-20
mv_0000003,1765674,2,2003-05-09
mv_0000003,1698999,4,2005-11-03
mv_0000003,557801,3,2005-11-21
mv_0000003,2390623,3,2005-12-07
mv_0000003,561184,3,2005-12-07
mv_0000003,2603174,3,2003-08-21
mv_0000003,1691501,4,2003-03-10
mv_0000003,1269384,4,2003-03-13
mv_0000003,589596,4,2003-03-14
mv_0000003,358117,4,2003-03-21
mv_0000003,2032635,4,2004-03-05
mv_0000003,259796,3,2004-04-07
mv_0000003,1627955,2,2004-05-12
mv_0000003,545639,4,2004-11-20
mv_0000003,1948576,4,2004-12-16
mv_0000003,2043149,4,2005-04-12
mv_0000003,1462330,4,2005-05-19
mv_0000003,4783,4,2003-04-25
mv_0000003,2258234,4,2003-11-04
mv_0000003,83278,4,2003-07-02
mv_0000003,1326029,3,2005-09-04
mv_0000003,742738,4,2004-11-11
mv_0000003,2164873,4,2005-01-22
mv_0000003,2503577,2,2005-03-13
mv_0000003,216174,3,2005-06-27
mv_0000003,1268000,3,2005-10-04
mv_0000003,1854660,1,2005-10-17
mv_0000003,466257,4,2005-10-25
mv_0000003,720145,3,2003-06-11
mv_0000003,319229,3,2003-08-17
mv_0000003,1321550,1,2003-09-10
mv_0000003,305344,2,2003-03-23
mv_0000003,2334574,1,2003-04-08
mv_0000003,964421,3,2003-05-16
mv_0000003,560851,4,2004-08-03
mv_0000003,198000,4,2004-09-28
mv_0000003,2645530,3,2004-10-01
mv_0000003,684741,2,2004-12-22
mv_0000003,983558,4,2005-04-10
mv_0000003,2227769,3,2005-12-18
mv_0000003,1459464,4,2003-07-10
mv_0000003,2552980,3,2005-02-20
mv_0000003,635285,3,2003-12-08
mv_0000003,1099321,3,2004-05-10
mv_0000003,2318706,4,2003-06-10
mv_0000003,610188,2,2003-06-11
mv_0000003,1682749,5,2004-04-13
mv_0000003,1608241,5,2004-02-03
mv_0000003,1689050,4,2004-05-29
mv_0000003,219293,4,2004-10-16
mv_0000003,1561588,3,2004-12-06
mv_0000003,806027,1,2005-02-02
mv_0000003,836357,4,2005-11-17
mv_0000003,21296,4,2003-09-04
mv_0000003,203011,5,2003-02-14
mv_0000003,849369,5,2003-08-18
mv_0000003,2516973,3,2003-05-27
mv_0000003,1240995,4,2003-08-21
mv_0000003,2490971,2,2003-06-23
mv_0000003,401681,3,2004-01-26
mv_0000003,1092852,4,2005-12-24
mv_0000003,10251,4,2004-06-02
mv_0000003,1403217,2,2005-08-03
mv_0000003,1187765,4,2003-05-07
mv_0000003,683751,4,2004-02-18
mv_0000003,2115337,4,2004-02-10
mv_0000003,2276790,5,2004-01-28
mv_0000003,788321,3,2004-07-19
mv_0000003,495268,5,2004-06-05
mv_0000003,1035089,4,2005-11-11
mv_0000003,2251677,2,2005-12-19
mv_0000003,639533,4,2003-02-21
mv_0000003,328293,3,2003-09-11
mv_0000003,524628,4,2003-03-13
mv_0000003,806438,5,2003-07-01
mv_0000003,787827,4,2004-01-31
mv_0000003,2148273,2,2003-04-30
mv_0000003,1561147,3,2003-08-23
mv_0000003,1841288,4,2003-07-10
mv_0000003,1494569,2,2003-08-17
mv_0000003,2290685,3,2004-02-05
mv_0000003,2083947,5,2004-09-19
mv_0000003,53694,4,2004-11-03
mv_0000003,1362324,3,2004-11-23
mv_0000003,373416,4,2005-02-22
mv_0000003,2147527,1,2005-11-11
mv_0000003,2564278,4,2005-11-01
mv_0000003,2117724,4,2003-03-04
mv_0000003,74441,4,2004-02-11
mv_0000003,138034,4,2003-06-10
mv_0000003,1087472,5,2003-04-03
mv_0000003,512629,3,2003-09-22
mv_0000003,2191089,5,2003-10-03
mv_0000003,2004485,4,2004-09-10
mv_0000003,2319295,4,2004-01-08
mv_0000003,1526229,3,2003-09-11
mv_0000003,1393576,3,2004-05-03
mv_0000003,2483219,3,2005-02-21
mv_0000003,289781,5,2005-03-14
mv_0000003,1412436,5,2005-03-20
mv_0000003,1395781,4,2003-03-27
mv_0000003,63971,4,2003-06-12
mv_0000003,2294689,1,2003-07-13
mv_0000003,586652,5,2004-08-04
mv_0000003,1621023,5,2003-10-07
mv_0000003,400661,5,2003-11-28
mv_0000003,2242527,5,2004-02-27
mv_0000003,2253048,4,2005-01-03
mv_0000003,1420370,2,2005-01-19
mv_0000003,1986227,4,2005-04-10
mv_0000003,1884004,4,2005-07-14
mv_0000003,1250364,4,2003-03-17
mv_0000003,2470712,3,2004-03-15
mv_0000003,779616,4,2003-08-13
mv_0000003,600994,5,2004-04-20
mv_0000003,1315290,4,2004-05-31
mv_0000003,333552,5,2004-06-10
mv_0000003,2105602,5,2004-11-16
mv_0000003,111343,4,2004-12-08
mv_0000003,1115476,4,2005-02-03
mv_0000003,1081091,4,2005-02-27
mv_0000003,946691,4,2005-05-02
mv_0000003,306569,3,2003-12-18
mv_0000003,1551571,4,2003-05-06
mv_0000003,1404389,4,2003-06-30
mv_0000003,1842623,4,2005-06-05
mv_0000003,1477365,4,2003-04-16
mv_0000003,1400325,3,2003-02-18
mv_0000003,89234,3,2003-07-28
mv_0000003,2074458,2,2005-08-23
mv_0000003,2076243,3,2003-11-10
mv_0000003,1859908,3,2005-03-08
mv_0000003,2575399,4,2005-11-27
mv_0000003,1444062,4,2003-09-08
mv_0000003,1150258,3,2004-03-22
mv_0000003,745688,2,2003-06-09
mv_0000003,2438229,4,2003-06-03
mv_0000003,2625405,4,2003-06-19
mv_0000003,1328118,4,2003-03-10
mv_0000003,1509354,4,2005-08-26
mv_0000003,312621,4,2004-08-25
mv_0000003,1039242,5,2004-07-06
mv_0000003,2460555,4,2004-05-17
mv_0000003,1945220,4,2005-07-18
mv_0000003,2513539,4,2003-06-27
mv_0000003,1036626,4,2004-06-01
mv_0000003,1612920,5,2004-08-09
mv_0000003,1252595,3,2004-09-07
mv_0000003,1869907,5,2004-10-20
mv_0000003,1242313,4,2004-11-25
mv_0000003,1888794,3,2005-03-08